report_id,report_text,gpt_extraction,nodule_present_pred,malignancy_true_pred,malignancy_uncertain_pred,follow_up_pred
1,Background emphysema. No discrete nodules.,"{'nodule_present': 'false', 'largest_nodule_size_mm': None, 'malignancy_suspected': 'false', 'follow_up_recommended': 'false', 'evidence_snippet': 'No discrete nodules.'}",0,0,0,0
2,2 cm spiculated mass in the right lower lobe concerning for malignancy. Tissue sampling recommended.,"{'nodule_present': 'true', 'largest_nodule_size_mm': 20, 'malignancy_suspected': 'true', 'follow_up_recommended': 'false', 'evidence_snippet': '2 cm spiculated mass in the right lower lobe concerning for malignancy.'}",1,0,0,0
3,Stable 4 mm nodule unchanged from previous exam. No further follow-up required.,"{'nodule_present': 'true', 'largest_nodule_size_mm': 4, 'malignancy_suspected': 'false', 'follow_up_recommended': 'false', 'evidence_snippet': 'Stable 4 mm nodule unchanged from previous exam. No further follow-up required.'}",1,0,0,0
4,Background emphysema. No discrete nodules.,"{'nodule_present': 'false', 'largest_nodule_size_mm': None, 'malignancy_suspected': 'false', 'follow_up_recommended': 'false', 'evidence_snippet': 'No discrete nodules.'}",0,0,0,0
5,New 7 mm non-calcified nodule. Malignancy risk indeterminate. Discuss follow-up vs PET imaging.,"{'nodule_present': 'true', 'largest_nodule_size_mm': 7, 'malignancy_suspected': 'uncertain', 'follow_up_recommended': 'uncertain', 'evidence_snippet': 'New 7 mm non-calcified nodule. Malignancy risk indeterminate. Discuss follow-up vs PET imaging.'}",1,0,0,0
6,2 cm spiculated mass in the right lower lobe concerning for malignancy. Tissue sampling recommended.,"{'nodule_present': 'true', 'largest_nodule_size_mm': 20, 'malignancy_suspected': 'true', 'follow_up_recommended': 'false', 'evidence_snippet': '2 cm spiculated mass in the right lower lobe concerning for malignancy.'}",1,0,0,0
7,5 mm perifissural nodule likely benign. No follow-up needed.,"{'nodule_present': 'true', 'largest_nodule_size_mm': 5, 'malignancy_suspected': 'false', 'follow_up_recommended': 'false', 'evidence_snippet': '5 mm perifissural nodule likely benign. No follow-up needed.'}",1,0,0,0
8,9 mm ground-glass nodule in the left upper lobe. Follow-up recommended to assess stability.,"{'nodule_present': 'true', 'largest_nodule_size_mm': 9, 'malignancy_suspected': 'uncertain', 'follow_up_recommended': 'true', 'evidence_snippet': '9 mm ground-glass nodule in the left upper lobe. Follow-up recommended to assess stability.'}",1,0,0,0
9,Stable 4 mm nodule unchanged from previous exam. No further follow-up required.,"{'nodule_present': 'true', 'largest_nodule_size_mm': 4, 'malignancy_suspected': 'false', 'follow_up_recommended': 'false', 'evidence_snippet': 'Stable 4 mm nodule unchanged from previous exam. No further follow-up required.'}",1,0,0,0
10,Small 3 mm nodule incidentally noted. No follow-up recommended per guidelines.,"{'nodule_present': 'true', 'largest_nodule_size_mm': 3, 'malignancy_suspected': 'false', 'follow_up_recommended': 'false', 'evidence_snippet': 'Small 3 mm nodule incidentally noted. No follow-up recommended per guidelines.'}",1,0,0,0
11,Single pulmonary nodule in the right upper lobe measuring approximately 6 mm. Recommend follow-up CT in 12 months.,"{'nodule_present': 'true', 'largest_nodule_size_mm': 6, 'malignancy_suspected': 'false', 'follow_up_recommended': 'true', 'evidence_snippet': 'Single pulmonary nodule in the right upper lobe measuring approximately 6 mm. Recommend follow-up CT in 12 months.'}",1,0,0,1
12,Cluster of micronodules in left upper lobe likely infectious or inflammatory. Recommend short interval follow-up.,"{'nodule_present': 'true', 'largest_nodule_size_mm': None, 'malignancy_suspected': 'false', 'follow_up_recommended': 'true', 'evidence_snippet': 'Cluster of micronodules in left upper lobe likely infectious or inflammatory. Recommend short interval follow-up.'}",1,0,0,0
13,New 7 mm non-calcified nodule. Malignancy risk indeterminate. Discuss follow-up vs PET imaging.,"{'nodule_present': 'true', 'largest_nodule_size_mm': 7, 'malignancy_suspected': 'uncertain', 'follow_up_recommended': 'uncertain', 'evidence_snippet': 'New 7 mm non-calcified nodule. Malignancy risk indeterminate. Discuss follow-up vs PET imaging.'}",1,0,0,0
14,5 mm perifissural nodule likely benign. No follow-up needed.,"{'nodule_present': 'true', 'largest_nodule_size_mm': 5, 'malignancy_suspected': 'false', 'follow_up_recommended': 'false', 'evidence_snippet': '5 mm perifissural nodule likely benign. No follow-up needed.'}",1,0,0,0
15,Background emphysema. No discrete nodules.,"{'nodule_present': 'false', 'largest_nodule_size_mm': None, 'malignancy_suspected': 'false', 'follow_up_recommended': 'false', 'evidence_snippet': 'No discrete nodules.'}",0,0,0,0
16,Stable 4 mm nodule unchanged from previous exam. No further follow-up required.,"{'nodule_present': 'true', 'largest_nodule_size_mm': 4, 'malignancy_suspected': 'false', 'follow_up_recommended': 'false', 'evidence_snippet': 'Stable 4 mm nodule unchanged from previous exam. No further follow-up required.'}",1,0,0,0
17,"Multiple bilateral pulmonary nodules, largest measuring 12 mm. Malignancy cannot be excluded. Recommend PET/CT.","{'nodule_present': 'true', 'largest_nodule_size_mm': 12, 'malignancy_suspected': 'uncertain', 'follow_up_recommended': 'true', 'evidence_snippet': 'Multiple bilateral pulmonary nodules, largest measuring 12 mm. Malignancy cannot be excluded. Recommend PET/CT.'}",1,0,0,0
18,Right hilar fullness noted. Could represent lymphadenopathy; suggest correlation with clinical data.,"{'nodule_present': 'false', 'largest_nodule_size_mm': None, 'malignancy_suspected': 'uncertain', 'follow_up_recommended': 'false', 'evidence_snippet': 'Right hilar fullness noted. Could represent lymphadenopathy; suggest correlation with clinical data.'}",0,0,1,0
19,No acute cardiopulmonary findings. Lungs clear. No nodules.,"{'nodule_present': 'false', 'largest_nodule_size_mm': None, 'malignancy_suspected': 'false', 'follow_up_recommended': 'false', 'evidence_snippet': 'No nodules.'}",0,0,0,0
20,"Multiple bilateral pulmonary nodules, largest measuring 12 mm. Malignancy cannot be excluded. Recommend PET/CT.","{'nodule_present': 'true', 'largest_nodule_size_mm': 12, 'malignancy_suspected': 'uncertain', 'follow_up_recommended': 'true', 'evidence_snippet': 'Multiple bilateral pulmonary nodules, largest measuring 12 mm. Malignancy cannot be excluded. Recommend PET/CT.'}",1,0,0,0
21,Multiple subcentimeter nodules diffusely distributed. No dominant lesion.,"{'nodule_present': 'true', 'largest_nodule_size_mm': None, 'malignancy_suspected': 'false', 'follow_up_recommended': 'false', 'evidence_snippet': 'Multiple subcentimeter nodules diffusely distributed.'}",1,0,0,0
22,Mild interstitial prominence. No focal nodules.,"{'nodule_present': 'false', 'largest_nodule_size_mm': None, 'malignancy_suspected': 'false', 'follow_up_recommended': 'false', 'evidence_snippet': 'No focal nodules.'}",0,0,0,0
23,Ground-glass opacity measuring 10 mm suspicious for early adenocarcinoma spectrum lesion.,"{'nodule_present': 'true', 'largest_nodule_size_mm': 10, 'malignancy_suspected': 'uncertain', 'follow_up_recommended': 'false', 'evidence_snippet': 'Ground-glass opacity measuring 10 mm suspicious for early adenocarcinoma spectrum lesion.'}",1,0,0,0
24,5 mm perifissural nodule likely benign. No follow-up needed.,"{'nodule_present': 'true', 'largest_nodule_size_mm': 5, 'malignancy_suspected': 'false', 'follow_up_recommended': 'false', 'evidence_snippet': '5 mm perifissural nodule likely benign. No follow-up needed.'}",1,0,0,0
25,Multiple subcentimeter nodules diffusely distributed. No dominant lesion.,"{'nodule_present': 'true', 'largest_nodule_size_mm': None, 'malignancy_suspected': 'false', 'follow_up_recommended': 'false', 'evidence_snippet': 'Multiple subcentimeter nodules diffusely distributed.'}",1,0,0,0
26,Background emphysema. No discrete nodules.,"{'nodule_present': 'false', 'largest_nodule_size_mm': None, 'malignancy_suspected': 'false', 'follow_up_recommended': 'false', 'evidence_snippet': 'No discrete nodules.'}",0,0,0,0
27,Cluster of micronodules in left upper lobe likely infectious or inflammatory. Recommend short interval follow-up.,"{'nodule_present': 'true', 'largest_nodule_size_mm': None, 'malignancy_suspected': 'false', 'follow_up_recommended': 'true', 'evidence_snippet': 'Cluster of micronodules in left upper lobe likely infectious or inflammatory. Recommend short interval follow-up.'}",1,0,0,0
28,Cluster of micronodules in left upper lobe likely infectious or inflammatory. Recommend short interval follow-up.,"{'nodule_present': 'true', 'largest_nodule_size_mm': None, 'malignancy_suspected': 'false', 'follow_up_recommended': 'true', 'evidence_snippet': 'Cluster of micronodules in left upper lobe likely infectious or inflammatory. Recommend short interval follow-up.'}",1,0,0,0
29,Ground-glass opacity measuring 10 mm suspicious for early adenocarcinoma spectrum lesion.,"{'nodule_present': 'true', 'largest_nodule_size_mm': 10, 'malignancy_suspected': 'uncertain', 'follow_up_recommended': 'false', 'evidence_snippet': 'Ground-glass opacity measuring 10 mm suspicious for early adenocarcinoma spectrum lesion.'}",1,0,0,0
30,Right hilar fullness noted. Could represent lymphadenopathy; suggest correlation with clinical data.,"{'nodule_present': 'false', 'largest_nodule_size_mm': None, 'malignancy_suspected': 'uncertain', 'follow_up_recommended': 'false', 'evidence_snippet': 'Right hilar fullness noted. Could represent lymphadenopathy; suggest correlation with clinical data.'}",0,0,1,0
31,Single pulmonary nodule in the right upper lobe measuring approximately 6 mm. Recommend follow-up CT in 12 months.,"{'nodule_present': 'true', 'largest_nodule_size_mm': 6, 'malignancy_suspected': 'false', 'follow_up_recommended': 'true', 'evidence_snippet': 'Single pulmonary nodule in the right upper lobe measuring approximately 6 mm. Recommend follow-up CT in 12 months.'}",1,0,0,1
32,Cluster of micronodules in left upper lobe likely infectious or inflammatory. Recommend short interval follow-up.,"{'nodule_present': 'true', 'largest_nodule_size_mm': None, 'malignancy_suspected': 'false', 'follow_up_recommended': 'true', 'evidence_snippet': 'Cluster of micronodules in left upper lobe likely infectious or inflammatory. Recommend short interval follow-up.'}",1,0,0,0
33,No acute cardiopulmonary findings. Lungs clear. No nodules.,"{'nodule_present': 'false', 'largest_nodule_size_mm': None, 'malignancy_suspected': 'false', 'follow_up_recommended': 'false', 'evidence_snippet': 'No nodules.'}",0,0,0,0
34,"Multiple bilateral pulmonary nodules, largest measuring 12 mm. Malignancy cannot be excluded. Recommend PET/CT.","{'nodule_present': 'true', 'largest_nodule_size_mm': 12, 'malignancy_suspected': 'uncertain', 'follow_up_recommended': 'true', 'evidence_snippet': 'Multiple bilateral pulmonary nodules, largest measuring 12 mm. Malignancy cannot be excluded. Recommend PET/CT.'}",1,0,0,0
35,No acute cardiopulmonary findings. Lungs clear. No nodules.,"{'nodule_present': 'false', 'largest_nodule_size_mm': None, 'malignancy_suspected': 'false', 'follow_up_recommended': 'false', 'evidence_snippet': 'No nodules.'}",0,0,0,0
36,Multiple subcentimeter nodules diffusely distributed. No dominant lesion.,"{'nodule_present': 'true', 'largest_nodule_size_mm': None, 'malignancy_suspected': 'false', 'follow_up_recommended': 'false', 'evidence_snippet': 'Multiple subcentimeter nodules diffusely distributed.'}",1,0,0,0
37,Background emphysema. No discrete nodules.,"{'nodule_present': 'false', 'largest_nodule_size_mm': None, 'malignancy_suspected': 'false', 'follow_up_recommended': 'false', 'evidence_snippet': 'No discrete nodules.'}",0,0,0,0
38,Patchy airspace opacities. Consider infection. No discrete nodules.,"{'nodule_present': 'false', 'largest_nodule_size_mm': None, 'malignancy_suspected': 'false', 'follow_up_recommended': 'false', 'evidence_snippet': 'No discrete nodules.'}",0,0,0,0
39,New 7 mm non-calcified nodule. Malignancy risk indeterminate. Discuss follow-up vs PET imaging.,"{'nodule_present': 'true', 'largest_nodule_size_mm': 7, 'malignancy_suspected': 'uncertain', 'follow_up_recommended': 'uncertain', 'evidence_snippet': 'New 7 mm non-calcified nodule. Malignancy risk indeterminate. Discuss follow-up vs PET imaging.'}",1,0,0,0
40,Stable 4 mm nodule unchanged from previous exam. No further follow-up required.,"{'nodule_present': 'true', 'largest_nodule_size_mm': 4, 'malignancy_suspected': 'false', 'follow_up_recommended': 'false', 'evidence_snippet': 'Stable 4 mm nodule unchanged from previous exam. No further follow-up required.'}",1,0,0,0
41,Patchy airspace opacities. Consider infection. No discrete nodules.,"{'nodule_present': 'false', 'largest_nodule_size_mm': None, 'malignancy_suspected': 'false', 'follow_up_recommended': 'false', 'evidence_snippet': 'No discrete nodules.'}",0,0,0,0
42,New 7 mm non-calcified nodule. Malignancy risk indeterminate. Discuss follow-up vs PET imaging.,"{'nodule_present': 'true', 'largest_nodule_size_mm': 7, 'malignancy_suspected': 'uncertain', 'follow_up_recommended': 'uncertain', 'evidence_snippet': 'New 7 mm non-calcified nodule. Malignancy risk indeterminate. Discuss follow-up vs PET imaging.'}",1,0,0,0
43,No acute cardiopulmonary findings. Lungs clear. No nodules.,"{'nodule_present': 'false', 'largest_nodule_size_mm': None, 'malignancy_suspected': 'false', 'follow_up_recommended': 'false', 'evidence_snippet': 'No nodules.'}",0,0,0,0
44,Small 3 mm nodule incidentally noted. No follow-up recommended per guidelines.,"{'nodule_present': 'true', 'largest_nodule_size_mm': 3, 'malignancy_suspected': 'false', 'follow_up_recommended': 'false', 'evidence_snippet': 'Small 3 mm nodule incidentally noted. No follow-up recommended per guidelines.'}",1,0,0,0
45,Scattered calcified granulomas indicating prior granulomatous disease. No acute process.,"{'nodule_present': 'false', 'largest_nodule_size_mm': None, 'malignancy_suspected': 'false', 'follow_up_recommended': 'false', 'evidence_snippet': 'Scattered calcified granulomas indicating prior granulomatous disease.'}",0,0,0,0
46,No pulmonary nodules or masses identified. Lungs are clear. No evidence of malignancy.,"{'nodule_present': 'false', 'largest_nodule_size_mm': None, 'malignancy_suspected': 'false', 'follow_up_recommended': 'false', 'evidence_snippet': 'No pulmonary nodules or masses identified. No evidence of malignancy.'}",0,0,0,0
47,No acute cardiopulmonary findings. Lungs clear. No nodules.,"{'nodule_present': 'false', 'largest_nodule_size_mm': None, 'malignancy_suspected': 'false', 'follow_up_recommended': 'false', 'evidence_snippet': 'No nodules.'}",0,0,0,0
48,Scattered calcified granulomas indicating prior granulomatous disease. No acute process.,"{'nodule_present': 'false', 'largest_nodule_size_mm': None, 'malignancy_suspected': 'false', 'follow_up_recommended': 'false', 'evidence_snippet': 'Scattered calcified granulomas indicating prior granulomatous disease.'}",0,0,0,0
49,Single pulmonary nodule in the right upper lobe measuring approximately 6 mm. Recommend follow-up CT in 12 months.,"{'nodule_present': 'true', 'largest_nodule_size_mm': 6, 'malignancy_suspected': 'false', 'follow_up_recommended': 'true', 'evidence_snippet': 'Single pulmonary nodule in the right upper lobe measuring approximately 6 mm. Recommend follow-up CT in 12 months.'}",1,0,0,1
50,Scattered calcified granulomas indicating prior granulomatous disease. No acute process.,"{'nodule_present': 'false', 'largest_nodule_size_mm': None, 'malignancy_suspected': 'false', 'follow_up_recommended': 'false', 'evidence_snippet': 'Scattered calcified granulomas indicating prior granulomatous disease.'}",0,0,0,0
51,Single pulmonary nodule in the right upper lobe measuring approximately 6 mm. Recommend follow-up CT in 12 months.,"{'nodule_present': 'true', 'largest_nodule_size_mm': 6, 'malignancy_suspected': 'false', 'follow_up_recommended': 'true', 'evidence_snippet': 'Single pulmonary nodule in the right upper lobe measuring approximately 6 mm. Recommend follow-up CT in 12 months.'}",1,0,0,1
52,Single pulmonary nodule in the right upper lobe measuring approximately 6 mm. Recommend follow-up CT in 12 months.,"{'nodule_present': 'true', 'largest_nodule_size_mm': 6, 'malignancy_suspected': 'uncertain', 'follow_up_recommended': 'true', 'evidence_snippet': 'Single pulmonary nodule in the right upper lobe measuring approximately 6 mm. Recommend follow-up CT in 12 months.'}",1,0,0,1
53,Minimal dependent atelectasis. No suspicious pulmonary nodules observed.,"{'nodule_present': 'false', 'largest_nodule_size_mm': None, 'malignancy_suspected': 'false', 'follow_up_recommended': 'false', 'evidence_snippet': 'No suspicious pulmonary nodules observed.'}",0,0,0,0
54,Multiple subcentimeter nodules diffusely distributed. No dominant lesion.,"{'nodule_present': 'true', 'largest_nodule_size_mm': None, 'malignancy_suspected': 'false', 'follow_up_recommended': 'false', 'evidence_snippet': 'Multiple subcentimeter nodules diffusely distributed.'}",1,0,0,0
55,Patchy airspace opacities. Consider infection. No discrete nodules.,"{'nodule_present': 'false', 'largest_nodule_size_mm': None, 'malignancy_suspected': 'false', 'follow_up_recommended': 'false', 'evidence_snippet': 'No discrete nodules.'}",0,0,0,0
56,Minimal dependent atelectasis. No suspicious pulmonary nodules observed.,"{'nodule_present': 'false', 'largest_nodule_size_mm': None, 'malignancy_suspected': 'false', 'follow_up_recommended': 'false', 'evidence_snippet': 'No suspicious pulmonary nodules observed.'}",0,0,0,0
57,Stable 4 mm nodule unchanged from previous exam. No further follow-up required.,"{'nodule_present': 'true', 'largest_nodule_size_mm': 4, 'malignancy_suspected': 'false', 'follow_up_recommended': 'false', 'evidence_snippet': 'Stable 4 mm nodule unchanged from previous exam. No further follow-up required.'}",1,0,0,0
58,Patchy airspace opacities. Consider infection. No discrete nodules.,"{'nodule_present': 'false', 'largest_nodule_size_mm': None, 'malignancy_suspected': 'false', 'follow_up_recommended': 'false', 'evidence_snippet': 'No discrete nodules.'}",0,0,0,0
59,No pulmonary nodules or masses identified. Lungs are clear. No evidence of malignancy.,"{'nodule_present': 'false', 'largest_nodule_size_mm': None, 'malignancy_suspected': 'false', 'follow_up_recommended': 'false', 'evidence_snippet': 'No pulmonary nodules or masses identified. No evidence of malignancy.'}",0,0,0,0
60,Background emphysema. No discrete nodules.,"{'nodule_present': 'false', 'largest_nodule_size_mm': None, 'malignancy_suspected': 'false', 'follow_up_recommended': 'false', 'evidence_snippet': 'No discrete nodules.'}",0,0,0,0
61,Stable 4 mm nodule unchanged from previous exam. No further follow-up required.,"{'nodule_present': 'true', 'largest_nodule_size_mm': 4, 'malignancy_suspected': 'false', 'follow_up_recommended': 'false', 'evidence_snippet': 'Stable 4 mm nodule unchanged from previous exam. No further follow-up required.'}",1,0,0,0
62,9 mm ground-glass nodule in the left upper lobe. Follow-up recommended to assess stability.,"{'nodule_present': 'true', 'largest_nodule_size_mm': 9, 'malignancy_suspected': 'uncertain', 'follow_up_recommended': 'true', 'evidence_snippet': '9 mm ground-glass nodule in the left upper lobe. Follow-up recommended'}",1,0,0,0
63,Multiple subcentimeter nodules diffusely distributed. No dominant lesion.,"{'nodule_present': 'true', 'largest_nodule_size_mm': None, 'malignancy_suspected': 'false', 'follow_up_recommended': 'false', 'evidence_snippet': 'Multiple subcentimeter nodules diffusely distributed.'}",1,0,0,0
64,Single pulmonary nodule in the right upper lobe measuring approximately 6 mm. Recommend follow-up CT in 12 months.,"{'nodule_present': 'true', 'largest_nodule_size_mm': 6, 'malignancy_suspected': 'uncertain', 'follow_up_recommended': 'true', 'evidence_snippet': 'Single pulmonary nodule in the right upper lobe measuring approximately 6 mm. Recommend follow-up CT in 12 months.'}",1,0,0,1
65,Small 3 mm nodule incidentally noted. No follow-up recommended per guidelines.,"{'nodule_present': 'true', 'largest_nodule_size_mm': 3, 'malignancy_suspected': 'false', 'follow_up_recommended': 'false', 'evidence_snippet': 'Small 3 mm nodule incidentally noted. No follow-up recommended per guidelines.'}",1,0,0,0
66,5 mm perifissural nodule likely benign. No follow-up needed.,"{'nodule_present': 'true', 'largest_nodule_size_mm': 5, 'malignancy_suspected': 'false', 'follow_up_recommended': 'false', 'evidence_snippet': '5 mm perifissural nodule likely benign. No follow-up needed.'}",1,0,0,0
67,Patchy airspace opacities. Consider infection. No discrete nodules.,"{'nodule_present': 'false', 'largest_nodule_size_mm': None, 'malignancy_suspected': 'false', 'follow_up_recommended': 'false', 'evidence_snippet': 'No discrete nodules.'}",0,0,0,0
68,Background emphysema. No discrete nodules.,"{'nodule_present': 'false', 'largest_nodule_size_mm': None, 'malignancy_suspected': 'false', 'follow_up_recommended': 'false', 'evidence_snippet': 'No discrete nodules.'}",0,0,0,0
69,Scattered calcified granulomas indicating prior granulomatous disease. No acute process.,"{'nodule_present': 'false', 'largest_nodule_size_mm': None, 'malignancy_suspected': 'false', 'follow_up_recommended': 'false', 'evidence_snippet': 'Scattered calcified granulomas indicating prior granulomatous disease.'}",0,0,0,0
70,2 cm spiculated mass in the right lower lobe concerning for malignancy. Tissue sampling recommended.,"{'nodule_present': 'true', 'largest_nodule_size_mm': 20, 'malignancy_suspected': 'true', 'follow_up_recommended': 'false', 'evidence_snippet': '2 cm spiculated mass in the right lower lobe concerning for malignancy.'}",1,0,0,0
71,Single pulmonary nodule in the right upper lobe measuring approximately 6 mm. Recommend follow-up CT in 12 months.,"{'nodule_present': 'true', 'largest_nodule_size_mm': 6, 'malignancy_suspected': 'false', 'follow_up_recommended': 'true', 'evidence_snippet': 'Single pulmonary nodule in the right upper lobe measuring approximately 6 mm. Recommend follow-up CT in 12 months.'}",1,0,0,1
72,"Multiple bilateral pulmonary nodules, largest measuring 12 mm. Malignancy cannot be excluded. Recommend PET/CT.","{'nodule_present': 'true', 'largest_nodule_size_mm': 12, 'malignancy_suspected': 'uncertain', 'follow_up_recommended': 'true', 'evidence_snippet': 'Multiple bilateral pulmonary nodules, largest measuring 12 mm. Malignancy cannot be excluded. Recommend PET/CT.'}",1,0,0,0
73,Cluster of micronodules in left upper lobe likely infectious or inflammatory. Recommend short interval follow-up.,"{'nodule_present': 'true', 'largest_nodule_size_mm': None, 'malignancy_suspected': 'false', 'follow_up_recommended': 'true', 'evidence_snippet': 'Cluster of micronodules in left upper lobe likely infectious or inflammatory. Recommend short interval follow-up.'}",1,0,0,0
74,Patchy airspace opacities. Consider infection. No discrete nodules.,"{'nodule_present': 'false', 'largest_nodule_size_mm': None, 'malignancy_suspected': 'false', 'follow_up_recommended': 'false', 'evidence_snippet': 'No discrete nodules.'}",0,0,0,0
75,Small left pleural effusion with adjacent atelectasis. No nodules visualized.,"{'nodule_present': 'false', 'largest_nodule_size_mm': None, 'malignancy_suspected': 'false', 'follow_up_recommended': 'false', 'evidence_snippet': 'No nodules visualized.'}",0,0,0,0
76,No acute cardiopulmonary findings. Lungs clear. No nodules.,"{'nodule_present': 'false', 'largest_nodule_size_mm': None, 'malignancy_suspected': 'false', 'follow_up_recommended': 'false', 'evidence_snippet': 'No nodules.'}",0,0,0,0
77,Background emphysema. No discrete nodules.,"{'nodule_present': 'false', 'largest_nodule_size_mm': None, 'malignancy_suspected': 'false', 'follow_up_recommended': 'false', 'evidence_snippet': 'No discrete nodules.'}",0,0,0,0
78,No pulmonary nodules or masses identified. Lungs are clear. No evidence of malignancy.,"{'nodule_present': 'false', 'largest_nodule_size_mm': None, 'malignancy_suspected': 'false', 'follow_up_recommended': 'false', 'evidence_snippet': 'No pulmonary nodules or masses identified. No evidence of malignancy.'}",0,0,0,0
79,No pulmonary nodules or masses identified. Lungs are clear. No evidence of malignancy.,"{'nodule_present': 'false', 'largest_nodule_size_mm': None, 'malignancy_suspected': 'false', 'follow_up_recommended': 'false', 'evidence_snippet': 'No pulmonary nodules or masses identified. No evidence of malignancy.'}",0,0,0,0
80,Scattered calcified granulomas indicating prior granulomatous disease. No acute process.,"{'nodule_present': 'false', 'largest_nodule_size_mm': None, 'malignancy_suspected': 'false', 'follow_up_recommended': 'false', 'evidence_snippet': 'Scattered calcified granulomas indicating prior granulomatous disease.'}",0,0,0,0
81,Scattered calcified granulomas indicating prior granulomatous disease. No acute process.,"{'nodule_present': 'false', 'largest_nodule_size_mm': None, 'malignancy_suspected': 'false', 'follow_up_recommended': 'false', 'evidence_snippet': 'Scattered calcified granulomas indicating prior granulomatous disease.'}",0,0,0,0
82,2 cm spiculated mass in the right lower lobe concerning for malignancy. Tissue sampling recommended.,"{'nodule_present': 'true', 'largest_nodule_size_mm': 20, 'malignancy_suspected': 'true', 'follow_up_recommended': 'false', 'evidence_snippet': '2 cm spiculated mass in the right lower lobe concerning for malignancy.'}",1,0,0,0
83,Single pulmonary nodule in the right upper lobe measuring approximately 6 mm. Recommend follow-up CT in 12 months.,"{'nodule_present': 'true', 'largest_nodule_size_mm': 6, 'malignancy_suspected': 'false', 'follow_up_recommended': 'true', 'evidence_snippet': 'Single pulmonary nodule in the right upper lobe measuring approximately 6 mm. Recommend follow-up CT in 12 months.'}",1,0,0,1
84,Scattered calcified granulomas indicating prior granulomatous disease. No acute process.,"{'nodule_present': 'false', 'largest_nodule_size_mm': None, 'malignancy_suspected': 'false', 'follow_up_recommended': 'false', 'evidence_snippet': 'Scattered calcified granulomas indicating prior granulomatous disease.'}",0,0,0,0
85,9 mm ground-glass nodule in the left upper lobe. Follow-up recommended to assess stability.,"{'nodule_present': 'true', 'largest_nodule_size_mm': 9, 'malignancy_suspected': 'uncertain', 'follow_up_recommended': 'true', 'evidence_snippet': '9 mm ground-glass nodule in the left upper lobe. Follow-up recommended to assess stability.'}",1,0,0,0
86,Small left pleural effusion with adjacent atelectasis. No nodules visualized.,"{'nodule_present': 'false', 'largest_nodule_size_mm': None, 'malignancy_suspected': 'false', 'follow_up_recommended': 'false', 'evidence_snippet': 'No nodules visualized.'}",0,0,0,0
87,Multiple subcentimeter nodules diffusely distributed. No dominant lesion.,"{'nodule_present': 'true', 'largest_nodule_size_mm': None, 'malignancy_suspected': 'false', 'follow_up_recommended': 'false', 'evidence_snippet': 'Multiple subcentimeter nodules diffusely distributed.'}",1,0,0,0
88,No pulmonary nodules or masses identified. Lungs are clear. No evidence of malignancy.,"{'nodule_present': 'false', 'largest_nodule_size_mm': None, 'malignancy_suspected': 'false', 'follow_up_recommended': 'false', 'evidence_snippet': 'No pulmonary nodules or masses identified. No evidence of malignancy.'}",0,0,0,0
89,Right hilar fullness noted. Could represent lymphadenopathy; suggest correlation with clinical data.,"{'nodule_present': 'false', 'largest_nodule_size_mm': None, 'malignancy_suspected': 'uncertain', 'follow_up_recommended': 'false', 'evidence_snippet': 'Right hilar fullness noted. Could represent lymphadenopathy; suggest correlation with clinical data.'}",0,0,1,0
90,Small 3 mm nodule incidentally noted. No follow-up recommended per guidelines.,"{'nodule_present': 'true', 'largest_nodule_size_mm': 3, 'malignancy_suspected': 'false', 'follow_up_recommended': 'false', 'evidence_snippet': 'Small 3 mm nodule incidentally noted. No follow-up recommended per guidelines.'}",1,0,0,0
91,2 cm spiculated mass in the right lower lobe concerning for malignancy. Tissue sampling recommended.,"{'nodule_present': 'true', 'largest_nodule_size_mm': 20, 'malignancy_suspected': 'true', 'follow_up_recommended': 'false', 'evidence_snippet': '2 cm spiculated mass in the right lower lobe concerning for malignancy.'}",1,0,0,0
92,Single pulmonary nodule in the right upper lobe measuring approximately 6 mm. Recommend follow-up CT in 12 months.,"{'nodule_present': 'true', 'largest_nodule_size_mm': 6, 'malignancy_suspected': 'false', 'follow_up_recommended': 'true', 'evidence_snippet': 'Single pulmonary nodule in the right upper lobe measuring approximately 6 mm. Recommend follow-up CT in 12 months.'}",1,0,0,1
93,Right hilar fullness noted. Could represent lymphadenopathy; suggest correlation with clinical data.,"{'nodule_present': 'false', 'largest_nodule_size_mm': None, 'malignancy_suspected': 'uncertain', 'follow_up_recommended': 'false', 'evidence_snippet': 'Right hilar fullness noted. Could represent lymphadenopathy; suggest correlation with clinical data.'}",0,0,1,0
94,Minimal dependent atelectasis. No suspicious pulmonary nodules observed.,"{'nodule_present': 'false', 'largest_nodule_size_mm': None, 'malignancy_suspected': 'false', 'follow_up_recommended': 'false', 'evidence_snippet': 'No suspicious pulmonary nodules observed.'}",0,0,0,0
95,2 cm spiculated mass in the right lower lobe concerning for malignancy. Tissue sampling recommended.,"{'nodule_present': 'true', 'largest_nodule_size_mm': 20, 'malignancy_suspected': 'true', 'follow_up_recommended': 'false', 'evidence_snippet': '2 cm spiculated mass in the right lower lobe concerning for malignancy.'}",1,0,0,0
96,9 mm ground-glass nodule in the left upper lobe. Follow-up recommended to assess stability.,"{'nodule_present': 'true', 'largest_nodule_size_mm': 9, 'malignancy_suspected': 'uncertain', 'follow_up_recommended': 'true', 'evidence_snippet': '9 mm ground-glass nodule in the left upper lobe. Follow-up recommended to assess stability.'}",1,0,0,0
97,Stable 4 mm nodule unchanged from previous exam. No further follow-up required.,"{'nodule_present': 'true', 'largest_nodule_size_mm': 4, 'malignancy_suspected': 'false', 'follow_up_recommended': 'false', 'evidence_snippet': 'Stable 4 mm nodule unchanged from previous exam. No further follow-up required.'}",1,0,0,0
98,Right hilar fullness noted. Could represent lymphadenopathy; suggest correlation with clinical data.,"{'nodule_present': 'false', 'largest_nodule_size_mm': None, 'malignancy_suspected': 'uncertain', 'follow_up_recommended': 'false', 'evidence_snippet': 'Right hilar fullness noted. Could represent lymphadenopathy; suggest correlation with clinical data.'}",0,0,1,0
99,Patchy airspace opacities. Consider infection. No discrete nodules.,"{'nodule_present': 'false', 'largest_nodule_size_mm': None, 'malignancy_suspected': 'false', 'follow_up_recommended': 'false', 'evidence_snippet': 'No discrete nodules.'}",0,0,0,0
100,5 mm perifissural nodule likely benign. No follow-up needed.,"{'nodule_present': 'true', 'largest_nodule_size_mm': 5, 'malignancy_suspected': 'false', 'follow_up_recommended': 'false', 'evidence_snippet': '5 mm perifissural nodule likely benign. No follow-up needed.'}",1,0,0,0
